field1,field2,field3,field4,field5,field6,field7,field8,field9,field10,field11,field12,field13,field14,field15,_GC_TYPE,_CLEANADDR,_X,_Y
1,강원도 재활병원,시도립,강원도재활병원설치및운영에관한조례,강원도,해당없음,32200641,병원,165,24227,강원도 춘천시 충열로 142번길 24-16,www.grh.or.kr,033-248-7700,033-248-7723,,정,강원특별자치도 춘천시 충열로142번길 24-16 (우두동),127.74121767728347,37.90372694119799
2,강원도 삼척의료원,특수법인,지방의료원의 설립 및 운영에 관한 법률,보건복지부(강원도),지방의료원,32100060,종합병원,152,25920,강원도 삼척시 오십천로 418,http://ksmc.or.kr,033-572-1141,033-573-8424,,정,강원특별자치도 삼척시 오십천로 418 (남양동),129.16384210841304,37.440187819438876
4,강원도 원주의료원,특수법인,지방의료원의 설립 및 운영에 관한 법률,보건복지부(강원도),지방의료원,32100086,종합병원,237,26448,강원도 원주시 서원대로 387(개운동),www.kwmc.or.kr,033-760-4500,033-761-5121,,정,강원특별자치도 원주시 서원대로 387 (개운동),127.94904260241238,37.33280345302251
5,강원도 강릉의료원,특수법인,지방의료원의 설립 및 운영에 관한 법률,보건복지부(강원도),지방의료원,32100159,종합병원,137,25535,강원도 강릉시 경강로 2007(남문동 164-1),http://www.gnmc.or.kr,033-646-6910,033-610-1415,,정,강원특별자치도 강릉시 경강로 2007 (남문동),128.8887708161526,37.74928066957604
3,강원도 영월의료원,특수법인,지방의료원의 설립 및 운영에 관한 법률,보건복지부(강원도),지방의료원,32100078,종합병원,214,26234,강원도 영월군 영월읍 중앙1로 59,http://www.youngwol.org,033-370-9117,033-370-9137,,정,강원특별자치도 영월군 중앙1로 59 (영월읍),128.46528328794182,37.18652034825699
7,춘천시 노인전문병원,시군구립,노인복지법 춘천시노인전문병원설치및 운영에관한조례,강원도,해당없음,32280271,요양병원,166,24216,강원도 춘천시 세실로 252,http://ccsilverhospital.co.kr,033-240-7500,033-240-7591,,정,강원특별자치도 춘천시 세실로 252 (동면),127.75623936104627,37.880184828744824
6,강원도 속초의료원,특수법인,지방의료원의 설립 및 운영에 관한 법률,보건복지부(강원도),지방의료원,32100141,종합병원,190,24821,강원도 속초시 영랑호반길 3,http://www.sokchomc.co.kr,033-630-6000,033-630-6004,,정,강원특별자치도 속초시 영랑호반길 3 (영랑동),128.58906701700556,38.21662236877058
8,강원도립강릉요양병원,시도립,강원도립강릉요양병원 설치 및 운영 조례,강원도,해당없음,32280424,요양병원,124,25535,강원도 강릉시 경강로 2007,http://www.gnmch.or.kr,033-640-8800,033-640-8825,,정,강원특별자치도 강릉시 경강로 2007 (남문동),128.8887708161526,37.74928066957604
9,정선군립병원,시군구립,군립의료기관 설립 및 운영에관한조례,강원도,해당없음,32201184,병원,61,26150,강원도 정선군 사북읍 지장천로 727,없음,033-592-3121,033-592-3125,,정,강원특별자치도 정선군 지장천로 727 (사북읍),128.8259744555268,37.22524894791621
12,경기도의료원 안성병원,특수법인,지방의료원의 설립 및 운영에 관한 법률,보건복지부(경기도),지방의료원,31100341,종합병원,151,17572,경기도 안성시 고수2로 17번지(당왕동),http://www.medical.or.kr/_as_gpmc/,031-8046-5000,031-8046-5555,,유,경기도 안성시 고수2로 18 (당왕동),127.25848175794546,37.014686122408506
11,경기도의료원 이천병원,특수법인,지방의료원의 설립 및 운영에 관한 법률,보건복지부(경기도),지방의료원,31101151,종합병원,115,17366,경기도 이천시 경충대로 2742,http://www.medical.or.kr/_ic_gpmc/,031-639-4800,031-636-7500,,정,경기도 이천시 경충대로 2742 (관고동),127.4333353961508,37.28276806830799
13,경기도의료원 의정부병원,특수법인,지방의료원의 설립 및 운영에 관한 법률,보건복지부(경기도),지방의료원,31100287,종합병원,227,11671,경기도 의정부시 흥선로 142 (의정부동),http://www.medical.or.kr/_uj_gpmc/,031-828-5000,031-828-5024,,정,경기도 의정부시 흥선로 142 (의정부동),127.04265521342191,37.74105274407721
14,경기도의료원 포천병원,특수법인,지방의료원의 설립 및 운영에 관한 법률,보건복지부(경기도),지방의료원,31100317,종합병원,150,11142,경기도 포천시 포천로 1648(신읍동),http://www.medical.or.kr/_pc_gpmc/,031-539-9114,031-532-0137,,정,경기도 포천시 포천로 1648 (신읍동),127.19828531503029,37.90334209081855
10,경기도의료원 수원병원,특수법인,지방의료원의 설립 및 운영에 관한 법률,보건복지부(경기도),지방의료원,31100988,종합병원,143,16316,경기도 수원시 장안구 수성로 245번길 69,http://www.medical.or.kr/_sw_gpmc/,031-888-0114,031-244-0242,,정,경기도 수원시 장안구 수성로245번길 69 (정자동),126.99632857116077,37.29188487504315
15,경기도의료원 파주병원,특수법인,지방의료원의 설립 및 운영에 관한 법률,보건복지부(경기도),지방의료원,31100325,종합병원,192,10922,경기도 파주시 중앙로 207(금촌동),http://www.medical.or.kr/_pj_gpmc/,031-940-9100,031-944-7729,,정,경기도 파주시 중앙로 207 (금촌동),126.78023080550831,37.75501540430485
17,경기도노인전문 평택병원,시도립,경기도노인전문병원 설치 및 운영에 관한 조례,경기도,해당없음,31284311,요양병원,230,17723,경기도 평택시 삼남로 312(도일동),goodmsilver.co.kr,031-669-9988,031-669-9933,,정,경기도 평택시 삼남로 312 (도일동),127.0975814499387,37.053855141008846
19,경기도노인전문여주병원,시도립,경기도노인전문병원 설치 및 운영에 관한 조례,경기도,해당없음,31282610,요양병원,189,12613,경기도 여주시 북내면 도예로 361-14,www.noinhospital.or.kr,031-886-4100,031-886-4055,2006(증축),정,경기도 여주시 도예로 361-14 (북내면),127.66959821908776,37.32501015890514
16,경기도노인전문 용인병원,시도립,경기도노인전문병원 설치 및 운영에 관한 조례,경기도,해당없음,31282628,요양병원,199,17089,경기도 용인시 기흥구 중부대로 940,www.silvernet.or.kr,031-288-0400,031-288-0405,,정,경기도 용인시 기흥구 중부대로 940 (상하동),127.15565814434505,37.25029939533367
21,경기도노인전문 동두천병원,시도립,경기도노인전문병원 설치 및 운영에 관한 조례,경기도,해당없음,31281982,요양병원,199,11322,경기도 동두천시 탑신로 536,gdsilver.co.kr,031-860-4114,031-860-4116,,정,경기도 동두천시 탑신로 536 (탑동동),127.13591562028277,37.90092342980938
18,경기도노인전문 시흥병원,시도립,경기도노인전문병원 설치 및 운영에 관한 조례,경기도,해당없음,31283535,요양병원,264,14978,경기도 시흥시 하중로 285,www.gshospital.com,031-500-7100,031-500-7382,,정,경기도 시흥시 하중로 285 (광석동),126.80709290092733,37.38624212804188
27,경상남도립 사천노인전문병원,시도립,경상남도립 정신병원 및 노인전문병원 설치조례,경상남도,해당없음,38282631,요양병원,228,52509,경남 사천시 축동면 서삼로1110-35,http://www.4000silver.com,055-794-2900,055-794-1299,,정,경상남도 사천시 서삼로 1110-35 (축동면),128.04541938788861,35.09255428919787
23,안산시립 노인전문병원,시군구립,안산시립 노인전문병원 설치 및 운영에 관한 조례,경기도,해당없음,31281362,요양병원,226,15585,경기 안산시 상록구 차돌배기로 24,http://www.bumomam.or.kr,031-8040-5114,031-408-5113,,정,경기도 안산시 상록구 차돌배기로 24 (사동),126.84612521929837,37.299651771006324
26,경상남도립정신병원,시도립,경상남도립 정신병원 및  노인전문병원 설치조례,경상남도,해당없음,38200961,병원,350,52509,경남 사천시 축동면 서삼로 1110-35,www.soon-young.co.kr,055-854-6000,055-854-7009,,정,경상남도 사천시 서삼로 1110-35 (축동면),128.04541938788861,35.09255428919787
24,부천시립 노인전문병원,시군구립,부천시 노인전문병원 및 노인복지시설 설치.운영에 관한 조례,경기도,해당없음,31287221,요양병원,248,14478,경기도 부천시 까치로 26,www.bucheongeriatrichospital.com,032-713-7300,032-713-7333,,정,경기도 부천시 오정구 까치로 26 (작동),126.80836193241012,37.50910166124618
20,경기도노인전문 남양주병원,시도립,경기도노인전문병원 설치 및 운영에 관한 조례,경기도,해당없음,31283331,요양병원,231,12025,경기도 남양주시 수동면 외방로 172번길32,www.gngh.or.kr/,031-590-5000,031-590-5010,,정,경기도 남양주시 외방로172번길 32 (수동면),127.30786806080899,37.7377361388393
29,경상남도립 김해노인전문병원,시도립,경상남도립 정신병원 및 노인전문병원 설치조례,경상남도,해당없음,38280329,요양병원,175,50880,경남 김해시 김해대로 1814-39(삼계동),http//www.gimhaenoin.co.kr,055-330-2000,055-330-2004,,정,경상남도 김해시 김해대로 1814-39 (삼계동),128.86100733224717,35.26161798827532
25,경상남도립 통영노인전문병원,시도립,경상남도립 정신병원 및 노인전문병원 설치조례,경상남도,해당없음,38280817,요양병원,280,53000,경남 통영시 도산면 남해안대로1818,http://www.gnsilver.com,055-640-1900,055-640-1909,,정,경상남도 통영시 남해안대로 1818 (도산면),128.35959459215647,34.9129378304252
30,경상남도립 양산노인전문병원,시도립,경상남도립 정신병원 및 노인전문병원 설치조례,경상남도,해당없음,38280353,요양병원,199,50509,경상남도 양산시 상북면 양산대로 1870-64,http://www.gygh.co.kr,055-375-7275,055-375-7582,,정,경상남도 양산시 양산대로 1870-64 (상북면),129.0712722384069,35.42927687710344
22,경기도립정신병원,시도립,경기도립정신병원 설치 및 운영에 관한 조례,경기도,해당없음,31202284,병원,270,17089,경기도 용인시 기흥구 중부대로 940,www.yonginmh.co.kr,031-288-0114,031-288-0107,,정,경기도 용인시 기흥구 중부대로 940 (상하동),127.15565814434505,37.25029939533367
28,시립창원 요양병원,시군구립,창원시립요양병원의 설치 및 운영에 관한 조례,경상남도,해당없음,38280141,요양병원,175,51104,창원시 의창구 북면 단내로 499-32,http://www.hyomind.co.kr,055-298-2442,055-298-7476,,정,경상남도 창원시 의창구 단내로 499-32 (북면),128.5742962282528,35.34935302683506
32,경상남도 마산의료원,특수법인,지방의료원의 설립 및 운영에 관한 법률,보건복지부(경상남도),지방의료원,38100029,종합병원,286,51264,창원시 마산합포구3.15대로 231,http://www.mmc.or.kr/,055-249-1000,055-249-1008,,정,경상남도 창원시 마산합포구 3.15대로 231 (장군동4가),128.5655606587254,35.19915054769358
31,거창군립 노인요양병원,시군구립,거창군립노인요양병원 설치 및 운영조례,경상남도,해당없음,38280396,요양병원,100,50141,경상남도 거창군 거창읍 운정3길 180,http://www.gcnoin.or.kr,055-943-3333,055-943-9815,,정,경상남도 거창군 운정3길 180 (거창읍),127.89083348079102,35.675840021151565
33,남해군립 노인전문병원,시군구립,남해군립 노인전문병원 설치 및 운영 조례,경상남도,해당없음,38281121,요양병원,95,52417,경상남도 남해군 남해읍 화전로173-1,없음,055-864-2201,055-864-0022,,정,경상남도 남해군 화전로 173-1 (남해읍),127.89224818789357,34.84679135622101
36,경상북도 포항의료원,특수법인,지방의료원의 설립 및운영에 관한 법률,경상북도,지방의료원,37100041,종합병원,297,37688,경상북도 포항시 북구 용흥로 36,http://www.pmc.or.kr,054-247-0551,054-247-0559,,정,경상북도 포항시 북구 용흥로 36 (용흥동),129.35508046946057,36.03475032650625
42,경상북도립김천노인전문요양병원,도립,경상북도립김천노인전문요양병원 설치 및 운영조례제 4조의 규정,경상북도,해당없음,37280295,요양병원,236,39500,경상북도 김천시 어모면 신애길 100-10,www.gimcheonhp.co.kr,054-420-7200,054-437-6005,,정,경상북도 김천시 신애길 100-10 (어모면),128.05239890899352,36.21124516103031
38,경상북도 안동의료원,특수법인,지방의료원의 설립 및 운영에 관한 법률,경상북도,지방의료원,37100351,종합병원,210,36694,경상북도 안동시 태사2길 55,http://amc.or.kr,054-850-6000,054-858-8950,,정,경상북도 안동시 태사2길 55 (북문동),128.7320662592482,36.56821503581898
34,시립마산 요양병원,시군구립,창원시립요양병원의 설치 및 운영에 관한 조례,경상남도,해당없음,38281228,요양병원,295,51777,경상남도 창원시 마산합포구 현동로 15,http://www.taebonghp.co.kr,055-221-2700,055-221-2755,,정,경상남도 창원시 마산합포구 현동로 15 (우산동),128.55186187490995,35.15400400946872
39,울진군의료원,특수법인,지방의료원의 설립 및 운영에 관한 법률,울진군,지방의료원,37201603,병원,79,36324,경상북도 울진군 울진읍 현내항길 71,http://www.umc.or.kr,054-785-7000,054-785-7020,,정,경상북도 울진군 현내항길 71 (울진읍),129.40972480147727,36.99267572265462
41,경주시립 노인전문요양병원,시립,경주시립노인전문요양병원 설치 및 운영 조례,경상북도,해당없음,37281372,요양병원,199,38049,경상북도 경주시 현곡면 충현로 610-120,http://www.kjho.co.kr/,054-743-6200,054-743-3663,,정,경상북도 경주시 충현로 610-120 (현곡면),129.16647406481596,35.87643854643839
35,의령군립노인전문병원,시군구립,의령군립 노인전문병원 설치 및 운영조례,경상남도,해당없음,38283191,요양병원,140,52103,경상남도 의령군 부림면 대한로 1655,http://www.silvermedi.or.kr,055-574-0009,055-573-5119,,정,경상남도 의령군 대한로 1655 (부림면),128.3131810838661,35.46462042786502
37,경상북도 김천의료원,특수법인,지방의료원의 설립 및 운영에 관한 법률,경상북도,지방의료원,37100394,종합병원,260,39579,경상북도 김천시 모암길 24(모암동),www.gcmc.or.kr,054-429-8114,054-433-8254,,정,경상북도 김천시 모암길 24 (모암동),128.1264095121283,36.12250328487158
45,영주시립노인전문요양병원,시립,영주시립노인전문요양병원 설치 및 운영 조례,경상북도,해당없음,37281569,요양병원,199,36051,경상북도 영주시 안정면 장안로 697,www.yjctm.com/,054-631-1500,054-631-1504,,정,경상북도 영주시 장안로 697 (안정면),128.56488983284638,36.830153473613564
44,경상북도립 안동노인전문요양병원,도립,경상북도립노인전문요양병원설치 및 운영조례,경상북도,해당없음,37280015,요양병원,402,36755,경상북도 안동시 남후면 남일로 1463,www.andongyuri.co.kr,054-851-6000,054-851-6474,,정,경상북도 안동시 남일로 1463 (남후면),128.68941277376388,36.52334570622319
46,상주시립 노인요양병원,시립,상주시 노인전문요양병원 설치 및 운영 조례,경상북도,해당없음,37281721,요양병원,233,37242,경상북도 상주시 용마로 190-45(도남동),www.sjsh.co.kr,054-530-5300,054-532-5301,,정,경상북도 상주시 용마로 190-45 (도남동),128.24290231553613,36.43660719839659
47,시립문경요양병원,시립,문경시 시립노인전문요양병원 설치 및 운영 조례,경상북도,해당없음,37280996,요양병원,199,36917,경상북도 문경시 문경읍 여우목로 31,http://mg.dhu.ac.kr,054-550-7000,054-571-1540,,정,경상북도 문경시 여우목로 31 (문경읍),128.11168276181084,36.73182886169885
48,경상북도립 경산노인전문요양병원,도립,경상북도립노인전문요양병원설치및운영조례,경상북도,해당없음,37280040,요양병원,320,38646,경산시 경안로 23-10,gssilver.co.kr,053-816-3322,053-816-3305,,정,경상북도 경산시 경안로 23-10 (상방동),128.739133570678,35.80928726886567
43,구미시립 노인요양병원,시립,구미시립노인요양병원 설치 및 운영 조례,경상북도,해당없음,37281313,요양병원,258,39203,경상북도 구미시 야은로 37-1,http://www.gumihosp.or.kr/,054-440-1000,054-440-1051,,정,경상북도 구미시 야은로 37-1 (부곡동),128.2903277559762,36.15319647319889
40,경상북도포항노인전문요양병원,도립,경상북도립노인전문요양병원설치 및 운영 조례,경상북도,해당없음,37280511,요양병원,166,37688,경상북도 포항시 북구 용흥로 36,http://www.pmc.or.kr,054-247-0551,054-247-0559,,정,경상북도 포항시 북구 용흥로 36 (용흥동),129.35508046946057,36.03475032650625
51,고령군립요양병원,군립,고령군립노인복지병원 설치 및 운영 조례,경상북도,해당없음,37280198,요양병원,94,40135,경상북도 고령군 대가야읍 중앙로 31,gyhospital.co.kr,054-956-8700,054-956-8702,,정,경상북도 고령군 중앙로 31 (대가야읍),128.2719576111613,35.73028844810451
53,봉화군립노인전문요양병원,군립,봉화군립노인전문요양병원설치 및 운영조례,경상북도,해당없음,37280252,요양병원,139,36239,경상북도 봉화군 봉화읍 보밑길 9,www.bhhospital.co.kr,054-674-0011,054-674-0010,,정,경상북도 봉화군 보밑길 9 (봉화읍),128.73378577622282,36.89178867048356
57,근로복지공단 안산병원,특수법인,산업재해보상보험법,고용노동부,근로복지공단,31101020,종합병원,462,15324,경기도 안산시 상록구 구룡로 87(일동),www.kcomwel.or.kr/hospital/ansan,031-500-1114,031-506-8002,,정,경기도 안산시 상록구 구룡로 87 (일동),126.87472019970296,37.316076890034694
54,울진군의료원요양병원,군립,의료법,경상북도,해당없음,37282026,요양병원,75,36324,경상북도 울진군 울진읍 현내항길 71,http://www.umc.or.kr,054-785-7000,054-785-7622,,정,경상북도 울진군 현내항길 71 (울진읍),129.40972480147727,36.99267572265462
49,의성군공립요양병원,군립,의성군공립요양병원 설치 및 운영에 관한 조례,경상북도,해당없음,37283219,요양병원,170,37333,경상북도 의성군 의성읍 안평의성로 1122-30,http://www.uschp.kr,054-834-7400,054-834-9916,,정,경상북도 의성군 안평의성로 1122-30 (의성읍),128.68106698080206,36.35965256509713
56,근로복지공단 인천병원,특수법인,산업재해보상보험법,고용노동부,근로복지공단,31101208,종합병원,354,21417,인천광역시 부평구 무네미로 446(구산동),www.kcomwel.or.kr/hospital/incheon,032-500-0114,032-512-9932,,정,인천광역시 부평구 무네미로 446 (구산동),126.7537941143184,37.47668909998721
50,군립청도노인요양병원,군립,청도군립노인요양병원설치 및 운영 조례,경상북도,해당없음,37280228,요양병원,95,38329,경북 청도군 화양읍 청화로 79-7,없음,054-370-5450,054-370-5555,,정,경상북도 청도군 청화로 79-7 (화양읍),128.73686655247823,35.648716199648355
62,근로복지공단 태백병원,특수법인,산업재해보상보험법,고용노동부,근로복지공단,32100221,종합병원,464,26052,강원도 태백시 보드미길8(장성동),www.kcomwel.or.kr/hospital/taebaek,033-580-3114,033-581-8547,,정,강원특별자치도 태백시 보드미길 8 (장성동),129.00425783432502,37.10403803049087
60,근로복지공단 순천병원,특수법인,산업재해보상보험법,고용노동부,근로복지공단,36100749,종합병원,270,57947,전라남도 순천시 조례 1길 24(조례동),www.kcomwel.or.kr/hospital/suncheon,061-720-7114,061-720-7102,,정,전라남도 순천시 조례1길 24 (조례동),127.52496998312171,34.961265463991474
59,근로복지공단 대구병원,특수법인,산업재해보상보험법,고용노동부,근로복지공단,37203631,병원,235,41405,대구광역시 북구 학정로 515(학정동),www.kcomwel.or.kr/hospital/daegu,053-715-7575,053-715-7729,,정,대구광역시 북구 학정로 515 (학정동),128.56403716328506,35.950892652232675
63,근로복지공단 동해병원,특수법인,산업재해보상보험법,고용노동부,근로복지공단,32200935,병원,333,25738,강원도 동해시 하평로 11(평릉동),www.kcomwel.or.kr/hospital/donghae,033-530-3100,033-532-3150,,정,강원특별자치도 동해시 하평로 11 (평릉동),129.10603582804947,37.53225128282322
52,칠곡군립노인요양병원,군립,칠곡군립 노인전문 요양병원 설치 및 운영 조례,경상북도,해당없음,37281691,요양병원,136,39912,경상북도 칠곡군 왜관읍 금남5길 58,"www.chilgok8899,kr",054-976-7777,054-976-7780,,정,경상북도 칠곡군 금남5길 58 (왜관읍),128.41231329852184,35.92549118075482
68,광주시립제2요양병원,시도립,광주광역시립정신병원 및 요양병원 설치 · 운영조례,광주광역시,해당없음,36281603,요양병원,148,61748,광주광역시 남구 덕남길 100,www.gjcityhospital.or.kr,062-612-9800,062-612-9898,,정,광주광역시 남구 덕남길 100 (덕남동),126.89753909220151,35.09390815676942
55,울릉군 노인요양병원,군립,울릉군 노인전문 요양병원 설치 및 운영조례,경상북도,해당없음,37281631,요양병원,42,40217,경상북도 울릉군 울릉읍 울릉순환로 396-18,없음,054-790-6923,054-791-8843,,정,경상북도 울릉군 울릉순환로 396-18 (울릉읍),130.89952052046922,37.48590994787096
66,광주시립정신병원,시도립,광주광역시립정신병원 및 요양병원 설치 · 운영조례,광주광역시,해당없음,36201197,병원,296,62407,광주광역시 광산구 삼도로 84-3(삼거동),www.gcmh.or.kr,062-949-5200,062-944-5225,,정,광주광역시 광산구 삼도로 84-3 (삼거동),126.66676998898082,35.1629099706588
69,호남권역재활병원,시도립,"장애인복지법 59조, 광주광역시 호남권역재활병원 설치 및 운영 조례",광주광역시,해당없음,36203718,병원,173,61027,광주광역시 북구 하서로 590(본촌동),http://honam.chosun.ac.kr,062-613-9000,062-573-2206,,정,광주광역시 북구 하서로 590 (본촌동),126.88318465832064,35.225452215724744
64,근로복지공단 정선병원,특수법인,산업재해보상보험법,고용노동부,근로복지공단,32200927,병원,210,26129,강원도 정선군 정선읍 봉양1길 145(봉양4리),www.kcomwel.or.kr/hospital/jeongseon,033-560-7100,033-562-8110,,정,강원특별자치도 정선군 봉양1길 145 (정선읍),128.65872599724884,37.38309018311789
58,근로복지공단 창원병원,특수법인,산업재해보상보험법,고용노동부,근로복지공단,38100517,종합병원,260,51524,경상남도 창원시 성산구 창원대로 721(중앙동),www.kcomwel.or.kr/hospital/changwon,055-280-7777,055-282-5578,,정,경상남도 창원시 성산구 창원대로 721 (중앙동),128.67107740494927,35.21844666634678
71,강릉원주대학교치과병원,특수법인,국립대학치과병원 설치법,교육부,국립대학치과병원,32400012,치과병원,15,25457,강원도 강릉시 죽헌로 7,http://www.gwnudh.or.kr,033-640-3114,033-640-3113,,대,강원특별자치도 강릉시,128.8831068013977,37.70960491566386
61,근로복지공단 대전병원,특수법인,산업재해보상보험법,고용노동부,근로복지공단,34100326,종합병원,294,34384,대전광역시 대덕구 계족로 637(법동),www.kcomwel.or.kr/hospital/daejeon,042-670-5114,042-631-8260,,정,대전광역시 대덕구 계족로 637 (법동),127.42789388623197,36.36922254660015
75,칠곡경북대학교병원,특수법인,국립대학병원 설치법,교육부,국립대학병원,37100467,종합병원,605,41404,대구광역시 북구 호국로 807,http://www.knumc.org/,053-200-2114,053-200-3339,,정,대구광역시 북구 호국로 807 (학정동),128.56442027776146,35.956743545467475
74,경북대학교치과병원,특수법인,국립대학치과병원 설치법,교육부,국립대학치과병원,37400592,치과병원,0,41940,대구광역시 중구 달구벌대로 2175번지,http://www.knudh.kr/,053-600-7114,053-600-7113,,정,대구광역시 중구 달구벌대로 2175 (삼덕동2가),128.60139453581414,35.86389847136311
77,부산대학교병원,특수법인,국립대학병원 설치법,교육부,국립대학병원,21100021,상급종합병원,1310,49241,부산광역시 서구 구덕로 179,http://www.pnuh.or.kr/pnuh,051-240-7000,,,정,부산광역시 서구 구덕로 179 (아미동1가),129.0177055670931,35.100735139817075
78,양산부산대학교병원,특수법인,국립대학병원 설치법,교육부,국립대학병원,38100509,상급종합병원,1174,50612,경남 양산시 물금읍 금오로 20,http://www.pnuyh.or.kr/pnuh,055-360-1000,,,정,경상남도 양산시 금오로 20 (물금읍),129.00602541293662,35.3277121744045
72,충남대학교병원,특수법인,국립대학병원 설치법,교육부,국립대학병원,34100016,상급종합병원,1353,35015,대전광역시 중구 문화로 282,https://www.cnuh.co.kr,042-280-7100,,,정,대전광역시 중구 문화로 282 (대사동),127.41519244019936,36.316754763313625
65,근로복지공단 경기요양병원,특수법인,산업재해보상보험법,고용노동부,근로복지공단,31283543,요양병원,135,18558,경기도 화성시 우정읍 쌍봉로 465-4(화수리),www.kcomwel.or.kr/hospital/gyeonggi,031-351-3083,031-351-3086,,정,경기도 화성시 쌍봉로 465-4 (우정읍),126.79670603157143,37.1142714155572
83,경상대학교병원,특수법인,국립대학병원설치법,교육부,국립대학병원,38100215,상급종합병원,919,52727,경상남도 진주시 강남로 79 경상대학교병원,https://www.gnuh.co.kr,055-750-8000,055-750-9094,,정,경상남도 진주시 강남로 79 (칠암동),128.0958561604965,35.17642105974424
70,강원대학교병원,특수법인,국립대학병원 설치법,교육부,국립대학병원,32100213,종합병원,634,24289,강원도 춘천시 백령로 156,https://www.knuh.or.kr,033-258-2000,,,정,강원특별자치도 춘천시 백령로 156 (효자동),127.74492597553693,37.87508793512363
76,제주대학교병원,특수법인,국립대학병원설치법,교육부,국립대학병원,39100103,종합병원,633,63241,제주특별자치도 아란13길 15(아라일동),http://www.jejunuh.co.kr,064-717-1114,064-757-8276,,정,제주특별자치도 제주시 아란13길 15 (아라일동),126.5452312796483,33.46726177402651
67,광주시립제1요양병원,시도립,광주광역시립정신병원 및 요양병원 설치 · 운영조례,광주광역시,해당없음,36280054,요양병원,263,62407,광주광역시 광산구 삼도로 84-3(삼거동),www.gcdh.or.kr,062-949-5250,062-944-2526,,정,광주광역시 광산구 삼도로 84-3 (삼거동),126.66676998898082,35.1629099706588
86,서울대학교병원,특수법인,서울대학교병원 설치법,교육부,서울대학교병원,11100079,상급종합병원,1786,003-080,서울특별시 종로구 대학로 101,http://www.snuh.org/,02-2072-2114,,,정,서울특별시 종로구 대학로 101 (연건동),126.99893291857164,37.57963952450535
81,전북대학교병원,특수법인,국립대학병원 설치법,교육부,국립대학병원,35100010,상급종합병원,1102,54907,전라북도 전주시 덕진구 건지로 20,http://www.cuh.co.kr,1577-7877,063-275-4291,,정,전북특별자치도 전주시 덕진구 건지로 20 (금암동),127.14121852047934,35.84688391921942
73,경북대학교병원,특수법인,국립대학병원 설치법,교육부,국립대학병원,37100017,상급종합병원,889,41944,대구광역시 중구 동덕로 130,http://www.knuh.kr/,053-200-5114,,,정,대구광역시 중구 동덕로 130 (삼덕동2가),128.60470297925795,35.86625249511201
89,전남대학교병원,특수법인,국립대학병원 설치법,교육부,국립대학병원,36100013,상급종합병원,1013,501-757,광주광역시 동구 제봉로 42,http://www.cnuh.com,062-220-5011,062-225-8330,,정,광주광역시 동구 제봉로 42 (학동),126.92157416622837,35.14185099218627
92,전남대학교치과병원,특수법인,국립대학치과병원 설치법,교육부,국립대학치과병원,36400122,치과병원,14,500-757,광주광역시 북구 용봉로 33,http://www.cnudh.co.kr/,062-530-5500,062-530-5590,,정,광주광역시 북구 용봉로 33 (용봉동),126.90053502603533,35.17189505040953
93,한국보훈복지의료공단 중앙보훈병원,특수법인,한국보훈복지의료공단법,국가보훈처,한국보훈복지의료공단,11100231,종합병원,1001,005-368,서울시 강동구 진황도로 61길 53,http://seoul.bohun.or.kr,02-2225-1111,02-2225-4364,,정,서울특별시 강동구 진황도로61길 53 (둔촌동),127.147941316254,37.53033390392429
84,창원경상대학교병원,특수법인,국립대학병원설치법,교육부,국립대학병원,38100631,종합병원,400,54172,경상남도 창원시 성산구 삼정자로 11,https://www.gnuch.co.kr,055-214-1000,055-214-1031,,정,경상남도 창원시 성산구 삼정자로 11 (성주동),128.70792738319318,35.199219286227496
90,화순전남대학교병원,특수법인,국립대학병원 설치법,교육부,국립대학병원,36100498,상급종합병원,683,519-763,전라남도 화순군 화순읍 서양로 322,https://www.cnuhh.com/,1899-0000,,,정,전라남도 화순군 서양로 322 (화순읍),127.00274013626785,35.0594970246313
79,부산대학교한방병원,특수법인,국립대학병원 설치법,교육부,국립대학병원,38920280,한방병원,100,50612,경남 양산시 물금읍 금오로 20,http://www.pnukh.or.kr/pnuch,055-360-5555,,,정,경상남도 양산시 금오로 20 (물금읍),129.00602541293662,35.3277121744045
98,서울지구병원,국립,국군조직법,국방부,해당없음,11202009,병원,30,003-050,서울시 종로구 삼청로10길 13,없음,02-397-3990,02-397-3999,,유,서울특별시 종로구 삼청로10길 12 (삼청동),126.98200140760095,37.58786215745108
91,빛고을전남대학교병원,특수법인,국립대학병원 설치법,교육부,국립대학병원,36203947,병원,189,503-340,광주광역시 남구 덕남길 80,http://www.cnubh.com/,062-670-9415,,,정,광주광역시 남구 덕남길 80 (덕남동),126.89619257172485,35.09419850063851
101,국군일동병원,국립,국군조직법,국방부,해당없음,31201539,병원,250,11123,경기도 포천시 화현면 화동로 564,없음,031-531-0803,031-531-0803,,정,경기도 포천시 화동로 564 (화현면),127.31035738454426,37.91617702579752
80,부산대학교치과병원,특수법인,국립대학치과병원 설치법,교육부,국립대학치과병원,38400286,치과병원,30,50612,경상남도 양산시 물금읍 금오로 20,http://www.pnudh.co.kr/pnudh,055-360-5114,,,정,경상남도 양산시 금오로 20 (물금읍),129.00602541293662,35.3277121744045
87,분당서울대학교병원,특수법인,서울대학교병원 설치법,교육부,서울대학교병원,31100813,상급종합병원,1318,13620,경기도 성남시 분당구 구미로 173번길 82,https://www.snubh.org/,031-787-1009,031-787-4020,,정,경기도 성남시 분당구 구미로173번길 82 (구미동),127.1231820305053,37.35191207117647
85,충북대학교병원,특수법인,국립대학병원설치법,교육부,국립대학병원,33100128,상급종합병원,720,28644,충북 청주시 서원구 1순환로 776 충북대학교병원,https://www.cbnuh.or.kr/,043-269-6114,,,정,충청북도 청주시 서원구 1순환로 776 (개신동),127.46144671113463,36.624056801192374
82,전북대학교 치과병원,특수법인,국립대학치과병원 설치법,교육부,국립대학치과병원,35400064,치과병원,0,54907,전라북도 전주시 덕진구 건지로 20,http://dental.cuh.co.kr/,1577-7877,,,정,전북특별자치도 전주시 덕진구 건지로 20 (금암동),127.14121852047934,35.84688391921942
96,광주보훈병원,특수법인,한국보훈복지의료공단법,국가보훈처,한국보훈복지의료공단,36100137,종합병원,584,62284,대구광역시 달서구 월곡로 60,http://daegu.bohun.or.kr/,053-630-7000,053-630-7089,,정,대구광역시 달서구 월곡로 60 (도원동),128.55190478576583,35.8028716511341
88,서울대학교치과병원,특수법인,서울대학교치과병원 설치법,교육부,서울대학교치과병원,11400668,치과병원,40,003-080,서울특별시 종로구 대학로 101,http://www.snudh.or.kr/,02-2072-2655,,,정,서울특별시 종로구 대학로 101 (연건동),126.99893291857164,37.57963952450535
107,국군홍천병원,국립,국군조직법,국방부,해당없음,32200307,병원,230,25164,강원도 홍천군 두촌면 아홉사리로 43,없음,033-435-0473,033-435-2511,,정,강원특별자치도 홍천군 아홉사리로 43 (두촌면),127.99664696524364,37.804286492842884
108,국군강릉병원,국립,국군조직법,국방부,해당없음,32200315,병원,180,25422,강원도 강릉시 주문진읍 동해대로 4371-34,없음,033-662-7802,033-662-5540,,정,강원특별자치도 강릉시 동해대로 4371-34 (주문진읍),128.83097797540307,37.86881750070163
104,국군고양병원,국립,국군조직법,국방부,해당없음,31201555,병원,250,10268,경기도 고양시 덕양구 혜음로 215,없음,031-963-6657,031-914-9902,,정,경기도 고양시 덕양구 혜음로 215 (벽제동),126.8980809189974,37.71937601625905
106,국군춘천병원,국립,국군조직법,국방부,해당없음,32200293,병원,230,24207,강원도 춘천시 방고개길 57번,없음,033-243-0130,033-243-6250,,유,강원특별자치도 춘천시 방고개길 21-12 (신동),127.72978773393217,37.938264618707336
94,한국보훈복지의료공단 부산보훈병원,특수법인,한국보훈복지의료공단법,국가보훈처,한국보훈복지의료공단,21100292,종합병원,546,46996,부산광역시 사상구 백양대로 420,http://busan.bohun.or.kr,051-601-6000,051-601-6079,,정,부산광역시 사상구 백양대로 420 (주례동),129.00662195035022,35.15330262467173
105,국군수도병원,국립,국군조직법,국방부,해당없음,31100759,종합병원,660,13574,경기도 성남시 분당구 새마을로 177번길 81,없음,031-725-5490,031-706-0987,,유,경기도 성남시 분당구 새마을로177번길 66 (율동),127.1510902848095,37.38890073620198
113,육군훈련소 지구병원,국립,국군조직법,국방부,해당없음,34200479,병원,100,320-832,"충남 논산시 연무읍 득안대로 450-8, 사서함76-16호",없음,041-740-7812,,,정,충청남도 논산시 득안대로 450-8 (연무읍),127.09985646499786,36.11087033615865
99,국군부산병원,국립,국군조직법,국방부,해당없음,21201137,병원,260,48067,부산특별시 해운대구 세실로186,없음,051-702-9147,051-703-9147,,대,부산광역시,129.0606703825723,35.211530598858324
111,공군항공우주의료원,국립,국군조직법,국방부,해당없음,33200912,병원,100,363-849,충북 청원군 남일면 단재로 635 사서함 335-21호,없음,043-290-5420,,,대,충청북도 청주시 청원구,127.50921842771814,36.71256004063435
95,한국보훈복지의료공단 대구보훈병원,특수법인,한국보훈복지의료공단법,국가보훈처,한국보훈복지의료공단,37100220,종합병원,498,42835,광주광역시 광산구 첨단월봉로 99,http://gwangju.bohun.or.kr/,062-602-6114,062-602-6980,,정,광주광역시 광산구 첨단월봉로 99 (산월동),126.84966074867795,35.20807038692532
102,국군청평병원,국립,국군조직법,국방부,해당없음,31201521,병원,350,12402,경기도 가평군 청평면 경춘로 926,없음,031-585-6100,031-584-9579,,유,경기도 가평군 경춘로 919 (청평면),127.42624041966745,37.744776782849215
116,해군해양의료원,국립,국군조직법,국방부,해당없음,38200988,병원,160,51698,경남 창원시 진해구 진해대로 963해군해양의료원,없음,055-549-1727,055-547-9437,,유,경상남도 창원시 진해구 진해대로 962 (자은동),128.70688701304252,35.14376439440044
103,국군양주병원,국립,국군조직법,국방부,해당없음,31201547,병원,500,11506,경기도 양주시 은현면 화합로 1133,없음,031-863-1319,031-863-6465,,유,경기도 양주시 화합로 1127 (은현면),127.04115681045533,37.85136313609443
119,대구의료원,특수법인,지방의료원의 설립 및 운영에 관한 법률,대구광역시,지방의료원,37100181,종합병원,544,41845,대구광역시 서구 평리로 157,http://www.daegumc.co.kr,053-560-7575,053-556-4465,,정,대구광역시 서구 평리로 157 (중리동),128.53866070513223,35.85907811913628
122,대구정신병원,시도립,대구광역시 대구정신병원 설치 및 운영에 관한 조례,대구광역시,해당없음,37204491,병원,360,42694,대구광역시 달성군 화원읍 명천로 58,http://www.daegumental.co.kr,053-630-3000,053-632-9233,,정,대구광역시 달성군 명천로 58 (화원읍),128.51005391936468,35.805674002573404
121,대구광역시 서부노인전문병원,시도립,대구광역시 노인전문병원설치.운영조례,대구광역시,해당없음,37280856,요양병원,242,41845,대구광역시 서구 와룡로 298-13번지,http://dgsbgh.daegumc.co.kr,053-570-7575,053-570-7640,,정,대구광역시 서구 와룡로 298-13 (중리동),128.53920537882345,35.85968656831415
100,국군대전병원,국립,국군조직법,국방부,해당없음,34200461,병원,575,34059,대전시 유성구 자운로 90,없음,1688-9152,042-861-8188,,유,대전광역시 유성구 자운로 62 (자운동),127.34692459746353,36.39844695573735
97,대전보훈병원,특수법인,한국보훈복지의료공단법,국가보훈처,한국보훈복지의료공단,34100237,종합병원,398,34314,대전광역시 대덕구 대청로 82번길 147,http://daejeon.bohun.or.kr,042-939-0114,042-934-4401,,정,대전광역시 대덕구 대청로82번길 147 (신탄진동),127.43970901206909,36.44743596967201
109,국군원주의원,국립,국군조직법,국방부,해당없음,32315597,의원,29,26304,강원도 원주시 소초면 북원로 3223번지,없음,033-735-0181,033-735-5074,,유,강원특별자치도 원주시 북원로 3200 (소초면),127.96630726394177,37.42656261435414
120,대구광역시 시지노인전문병원,시도립,대구광역시 노인전문병원설치.운영조례,대구광역시,해당없음,37280104,요양병원,251,42280,대구광역시 수성구 유니버시아드로 365,www.yes-naebumo.or.kr,053-812-1212,053-812-9600,,정,대구광역시 수성구 유니버시아드로 365 (욱수동),128.71031502556738,35.82883516667449
110,백두병원(21사단 의무대),국립,국군조직법,국방부,해당없음,32200781,병원,59,24513,강원도 양구군 양구읍 금강산로 510 백두병원,없음,033-480-5103,,,유,강원특별자치도 양구군 금강산로 509-2 (양구읍),127.99553357874181,38.123718078803826
114,국군함평병원,국립,국군조직법,국방부,해당없음,36200883,병원,500,57116,전남 함평군 해보면 신해로 1027,없음,061-390-5114,061-324-1763,,정,전라남도 함평군 신해로 1027 (해보면),126.59037309619113,35.18324061354631
123,대전광역시립제1노인전문병원,시도립,대전광역시 노인전문병원설치 및 운영조례,대전광역시,해당없음,34280189,요양병원,199,34101,대전광역시 유성구 유성대로 1422(방현동),http://www.ilovenoin.com,042-280-5000,042-280-5001,,정,대전광역시 유성구 유성대로 1422 (방현동),127.37344064288882,36.40509379963883
127,인천적십자병원,특수법인,대한적십자사조직법,보건복지부,대한적십자사,31100261,종합병원,150,21935,인천광역시 연수구 원인재로 263,www.rch.or.kr/incheon,032-899-4000,032-899-4240,,정,인천광역시 연수구 원인재로 263 (연수동),126.68993961547913,37.41842907465417
117,해군포항병원,국립,국군조직법,국방부,해당없음,37200682,병원,120,790-909,경북 포항시 남구 오천읍 충무로 70 사서함 209-141호,없음,054-290-2452,054-290-2405,,유,경상북도 포항시 남구 충무로 64 (오천읍),129.41677754325667,35.97600607450647
132,한국원자력의학원원자력병원,특수법인,방사선 및 방사성동위원소 이용진흥법,미래창조과학부,한국원자력의학원,11101296,종합병원,490,139-706,서울시 노원구 노원로 75,www.kirams.re.kr,02-970-2114,02-978-2005,,정,서울특별시 노원구 노원로 75 (공릉동),127.08302415780722,37.628607244019484
118,국립교통재활병원,국립,자동차손해배상보장법 제31조,국토교통부,해당없음,31209601,병원,174,12564,경기도 양평군 양평읍 중앙로 260,www.cmcntrh.or.kr,031-580-5555,031-580-5209,,정,경기도 양평군 중앙로 260 (양평읍),127.51878480844502,37.48975203262401
130,거창적십자병원,특수법인,대한적십자사조직법,보건복지부,대한적십자사,38200163,병원,96,50132,경상남도 거창군 거창읍 중앙로 91,www.rch.or.kr/geochang,055-944-3251,055-943-2373,,정,경상남도 거창군 중앙로 91 (거창읍),127.90886156220208,35.68668716783613
112,계룡대지구병원,국립,국군조직법,국방부,해당없음,34200487,병원,36,321-929,충남 계룡시 신도안면 부남리 사서함 501-37호,없음,042-550-4758,,,유,충청남도 계룡시 신도안면 부남리 500,127.22365758451807,36.31120561138612
115,국군대구병원,국립,국군조직법,국방부,해당없음,37200674,병원,500,38427,경북 경산시 하양읍 은호리 대경로 425-41,없음,053-750-1716,053-854-0822,,정,경상북도 경산시 대경로 425-41 (하양읍),128.78813823484128,35.90125790824598
131,경인의료재활센터병원,특수법인,"대한적십자사조직법, 장애인복지법","보건복지부, 인천광역시",대한적십자사,31283756,요양병원,110,21935,인천광역시 연수구 원인재로 263,www.rch.or.kr/gyeongin,032-899-4000,032-899-4480,,정,인천광역시 연수구 원인재로 263 (연수동),126.68993961547913,37.41842907465417
133,동남권원자력의학원,특수법인,방사선 및 방사성동위원소 이용진흥법,미래창조과학부,한국원자력의학원,21100624,종합병원,276,619-953,부산광역시 기장군 장안읍 좌동길 40,www.dirams.re.kr,051-720-5114,051-720-5992,,정,부산광역시 기장군 좌동길 40 (장안읍),129.24378470307852,35.32105719495673
124,대전광역시립정신병원,시도립,대전광역시립정신병원 설치조례,대전광역시,해당없음,34200509,병원,199,34206,대전광역시 유성구 진잠옛로 135번길 87(학하동),http://www.ssbw.co.kr/,042-823-4405,,,정,대전광역시 유성구 진잠옛로135번길 87 (학하동),127.30643499030587,36.331958222256695
134,국립법무병원(치료감호소),국립,법무부와 그 소속기관 직제,법무부,해당없음,34282319,병원,0,314-716,충청남도 공주시 반포면 반포초교길 253,www.moj.go.kr/HP/TSPB,041-840-5400,041-840-5404,,정,충청남도 공주시 반포초교길 253 (반포면),127.23830491769907,36.41228360917192
145,국립중앙의료원,특수법인,국립중앙의료원의 설립 및 운영에 관한 법률,보건복지부,국립중앙의료원,11101318,종합병원,466,100-799,서울특별시 중구 을지로 245,www.nmc.or.kr,02-2260-7114,02-2262-4739,,정,서울특별시 중구 을지로 245 (을지로6가),127.00573503267552,37.567659442652555
128,상주적십자병원,특수법인,대한적십자사조직법,보건복지부,대한적십자사,37100408,종합병원,221,37199,경상북도 상주시 상서문로 53,www.rch.or.kr/sangju,054-534-3501,054-530-3000,,정,경상북도 상주시 상서문로 53 (남성동),128.15557592832621,36.414649272440066
129,통영적십자병원,특수법인,대한적십자사조직법,보건복지부,대한적십자사,38200121,병원,110,53061,경상남도 통영시 중앙로 97,www.rch.or.kr/tongyeong,055-644-8901,055-644-8908,,정,경상남도 통영시 중앙로 97 (서호동),128.41984206379945,34.84241309923116
142,국립암센터,특수법인,암관리법,보건복지부,국립암센터,31100741,종합병원,571,410-769,경기도 고양시 일산동구 일산로 323번지,www.ncc.re.kr,1588-8110,031-920-1918,※ 가동병상수 차이 원인 : 옥소치료 2병상은 허가병상 제외,정,경기도 고양시 일산동구 일산로 323 (마두동),126.78335041539059,37.66323080040949
147,부산시립정신병원,시도립,부산광역시립정신병원 설치 및 운영 조례,부산광역시,해당없음,21202818,병원,331,47055,부산광역시 사상구 학감대로 39번길 104-36,www.bmmh.or.kr,051-312-2288,051-313-3399,,정,부산광역시 사상구 학감대로39번길 104-36 (학장동),128.99505091928233,35.132908478264454
125,대전광역시립제2노인전문병원,시도립,대전광역시 노인전문병원설치 및 운영조례,대전광역시,해당없음,34281231,요양병원,132,34712,대전광역시 동구 산내로 300(하소동),http://www.cmisilverdaejeon.com/,042-272-9633,042-272-9636,,정,대전광역시 동구 산내로 300 (하소동),127.44056942995792,36.212533143434115
126,서울적십자병원,특수법인,대한적십자사조직법,보건복지부,대한적십자사,11100109,종합병원,260,003-181,서울특별시 종로구 새문안로 9,www.rch.or.kr/seoul,02-2002-8000,02-738-5664,,정,서울특별시 종로구 새문안로 9 (평동),126.96699118172349,37.56711757974958
146,국립소록도병원,국립,보건복지부와 그 소속기관 직제,보건복지부,해당없음,36200450,병원,700,59562,전남 고흥군 도양읍 소록해안길 65,www.sorokdo.go.kr,061-840-0500,061-840-0517,,정,전라남도 고흥군 소록해안길 65 (도양읍),127.12139527489519,34.511688611443354
139,국립춘천병원,국립,보건복지부와 그 소속기관 직제 시행규칙,보건복지부,해당없음,32200226,병원,320,24409,강원도 춘천시 영서로 824,www.cnmh.go.kr,033-260-3000,033-260-3003,,정,강원특별자치도 춘천시 영서로 824 (동산면),127.76672764987106,37.77147159273166
149,부산노인전문제2병원,시도립,부산광역시 노인전문병원 설치 및 운영 조례,부산광역시,해당없음,21280991,요양병원,188,47527,부산광역시 연제구 월드컵대로 359,www.busangh.or.kr,051-607-2075,051-607-2083,,정,부산광역시 연제구 월드컵대로 359 (거제동),129.05900559625366,35.18721153535136
148,부산노인전문제1병원,시도립,부산광역시 노인전문병원설치 및 운영 조례,부산광역시,해당없음,21280088,요양병원,199,46591,부산광역시 북구 함박봉로 98,www.busangh.co.kr,051-342-7272,051-342-7373,,정,부산광역시 북구 함박봉로 98 (만덕동),129.0282050627645,35.20615103693383
160,서울특별시 북부병원,시도립,서울특별시 시립병원 설치 및 운영에 관한조례,서울특별시,해당없음,11204516,병원,200,002-062,서울특별시 중랑구 양원역로 38,www.seoulnmh.net,02-2036-0200,02-2036-0359,,정,서울특별시 중랑구 양원역로 38 (망우동),127.1078157742996,37.60440132792965
143,국립목포병원,국립,보건복지부와 그 소속기관 직제,보건복지부,해당없음,36200191,병원,204,58605,전라남도 목포시 신지마을 1길 75(석현동 45),http://www.tbmokpo.go.kr,061-280-1114,061-283-2578,,정,전라남도 목포시 신지마을1길 75 (석현동),126.43724979413207,34.82755485285332
140,국립공주병원,국립,보건복지부와 그 소속기관 직제,보건복지부,해당없음,34200762,병원,370,32601,충청남도 공주시 고분티로 623-21,http://www.knmh.go.kr/,041-850-5700,041-853-2095,,정,충청남도 공주시 고분티로 623-21 (오곡동),127.11058574044235,36.40180735449992
157,서울특별시 서울의료원 강남분원,특수법인,지방의료원의 설립 및 운영에 관한 법률,보건복지부(서울특별시),지방의료원,11205768,병원,30,006-171,서울특별시 강남구 봉은사로114길 43,http://kn.seoulmc.or.kr/,02-3430-0200,02-554-2947,,유,서울특별시 강남구 봉은사로114길 42 (삼성동),127.06532740695752,37.51216758193968
162,서울특별시 장애인치과병원,시도립,서울특별시 시립병원 설치 및 운영에 관한조례,서울특별시,해당없음,11400757,치과병원,0,004-706,서울특별시 성동구 마장로 207,http://www.sdh.go.kr/,02-2282-0001,02-2282-0002,,정,서울특별시 성동구 마장로 207 (홍익동),127.03282406100644,37.566649067832785
124,대전광역시립정신병원,시도립,대전광역시립정신병원 설치조례,대전광역시,해당없음,34200509,병원,199,34206,대전광역시 유성구 진잠옛로 135번길 87(학하동),http://www.ssbw.co.kr/,042-823-4403,,,정,대전광역시 유성구 진잠옛로135번길 87 (학하동),127.30643499030587,36.331958222256695
144,국립마산병원,정부기관,보건복지부와 그 소속기관 직제,보건복지부,해당사항 없음,38200074,병원,202,51755,경상남도 창원시 마산합포구 가포로 215,http://www.mnth.go.kr/,055-246-1141,055-242-1135,신축 공사 진행중,정,경상남도 창원시 마산합포구 가포로 215 (가포동),128.5658127875295,35.168612461697904
161,서울특별시 서남병원,시도립,서울특별시 시립병원 설치 및 운영에 관한조례,서울특별시,해당없음,11205814,병원,331,008-049,서울특별시 양천구 신정이펜1로 20(신정동),www.eussh.org,02-6300-9000,02-6300-9136,,정,서울특별시 양천구 신정이펜1로 20 (신정동),126.83318201837085,37.51192088176278
141,국민건강보험공단 일산병원,특수법인,국민건강보험법,보건복지부,국민건강보험공단,31100678,종합병원,746,410-719,경기도 고양시 일산동구 일산로 100,www.nhimc.or.kr,031-900-0114,031-900-0049,,정,경기도 고양시 일산동구 일산로 100 (백석동),126.79308806884768,37.64533345064001
155,서울특별시 은평병원,시도립,서울특별시 시립병원 설치 및 운영에 관한조례,서울특별시,해당없음,11200286,병원,309,003-476,서울특별시 은평구 백련산로 90(응암동),http://ephosp.seoul.go.kr,02-300-8114,02-300-8097,,정,서울특별시 은평구 백련산로 90 (응암동),126.92365088453698,37.594136091847204
154,서울특별시 서북병원,시도립,서울특별시 시립병원 설치 및 운영에 관한조례,서울특별시,해당없음,11200278,병원,452,003-433,서울특별시 은평구 갈현로7길  49,htt://sbhosp.seoul.go.kr/,02-3156-3000,02-385-9393,,정,서울특별시 은평구 갈현로7길 49 (역촌동),126.90453993593171,37.60409255760733
172,인천광역시의료원,특수법인,지방의료원설립및운영에관한법률,인천광역시,해당없음,31100015,종합병원,304,22532,인천광역시 동구 방축로 217,http://www.icmc.or.kr/,032-580-6000,032-583-7746,,정,인천광역시 동구 방축로 217 (송림동),126.66865398699915,37.478796994404426
158,서울특별시 보라매병원,시도립,서울특별시 시립병원 설치 및 운영에 관한조례,서울특별시,해당없음,11100249,종합병원,763,007-061,서울특별시 동작구 보라매로5길 20,http://www.brmh.org,02-870-2114,02-831-0206,,정,서울특별시 동작구 보라매로5길 20 (신대방동),126.9240536336497,37.49357051805616
163,서울특별시 용인정신병원,시도립,서울특별시 시립병원 설치 및 운영에 관한조례,서울특별시,해당없음,31202292,병원,178,17089,경기도 용인시 기흥구 중부대로 940,http://www.yonginmh.co.kr,031-284-4010,031-284-4019,,정,경기도 용인시 기흥구 중부대로 940 (상하동),127.15565814434505,37.25029939533367
164,서울시립 백암정신병원,시도립,서울특별시 시립병원 설치 및 운영에 관한조례,서울특별시,해당없음,31201857,병원,296,17182,경기도 용인시 처인구 백암면 용천로 71번길 30,www.baekammh.or.kr,031-332-3194,031-332-3197,,정,경기도 용인시 처인구 용천로71번길 30 (백암면),127.36483156073683,37.122146236577585
137,국립나주병원,국립,보건복지부와 그 소속기관 직제,보건복지부,해당없음,36200140,병원,450,58213,전라남도 나주시 산포면 세남로 1328-31번지,http://www.najumh.go.kr,061-330-4114,061-330-4150,,정,전라남도 나주시 세남로 1328-31 (산포면),126.82560432261396,35.009035719600554
174,고흥군공립노인전문요양병원,시군구립,고흥군 공립노인전문요양병원 설치 및 운영 조례,전라남도,해당없음,36280437,요양병원,117,59535,전라남도 고흥군 고흥읍 고흥로 1941,http:www.kgh.co.kr,061-830-3400,061-832-1995,,정,전라남도 고흥군 고흥로 1941 (고흥읍),127.29426477430333,34.62267975693442
169,울산광역시립노인병원,시도립,울산광역시립노인병원 설치 및 운영 조례,울산광역시,해당없음,38280221,요양병원,100,689-901,울산광역시 울주군 온양읍 덕남로 243 (동상리),www.ulsangh.co.kr,052-231-7900,052-231-7999,,정,울산광역시 울주군 덕남로 243 (온양읍),129.29759146981914,35.421960393625255
159,서울특별시 동부병원,시도립,서울특별시 시립병원 설치 및 운영에 관한조례,서울특별시,해당없음,11100133,종합병원,204,002-584,서울특별시 동대문구 무학로 124,www.dbhosp.go.kr,02-920-9114,02-920-9219,,정,서울특별시 동대문구 무학로 124 (용두동),127.0315253222473,37.57534774067305
156,서울특별시 서울의료원,특수법인,지방의료원의 설립 및 운영에 관한 법률,보건복지부(서울특별시),지방의료원,11101326,종합병원,623,002-053,서울시 중랑구 신내로 156,http://www.seoulmc.or.kr/,02-2276-7000,02-2276-7093,,정,서울특별시 중랑구 신내로 156 (신내동),127.09822189175867,37.61280720421685
173,인천광역시의료원 백령병원,특수법인,지방의료원설립및운영에관한법률,인천광역시,해당없음,31202098,병원,30,23101,인천광역시 옹진군 백령로 233,http://www.icmc.or.kr/,032-836-1731,032-836-0118,,정,인천광역시 옹진군 백령로 233 (백령면),124.72108710030764,37.967893888253045
167,강남구립행복요양병원,구립,서울특별시 강남구 노인전문병원 설치 및 운영에 관한 조례,서울특별시,해당없음,11282061,요양병원,307,006-366,서울시 강남구 헌릉로 590길 60,http://www.gangnamguhospital.kr,02-6053-2114,02-6053-2119,,정,서울특별시 강남구 헌릉로590길 60 (세곡동),127.10330915446622,37.46121970669121
170,인천시립치매요양병원,시도립,인천광역시립노인치매요양병원 설치 및 운영 조례,인천광역시,해당없음,31280544,요양병원,145,22714,인천광역시 서구 심곡로 132번길 21-1,www.icesh.co.kr,032-562-5101,032-566-4335,,정,인천광역시 서구 심곡로132번길 21-1 (심곡동),126.6852263295169,37.546762041536425
176,광양시공립 노인전문요양병원,시군구립,광양시공립보인전문요양병원설치및운영조례,전라남도,해당없음,36280721,요양병원,141,57773,전라남도 광양시 진등길 91(마동),www.gyghospital.co.kr,061-798-8602,061-792-5604,2014.6(재위탁),정,전라남도 광양시 진등길 91 (마동),127.69010773254138,34.957477689655704
187,화순노인전문병원,시군구립,화순노인전문병원설치 및 운영에 관한 조례,전라남도,해당없음,36281174,요양병원,192,58129,전라남도 화순군 화순읍 서양로 330,www.cnuhgh.com,061-379-6114,061-379-6010,,정,전라남도 화순군 서양로 330 (화순읍),127.00243228926993,35.06175251466096
175,보성군립 노인전문요양병원,시군구립,보성군립 노인전문병원 설치 및 운영에 관한 조례,전라남도,해당없음,36280364,요양병원,133,59431,전라남도 보성군 벌교읍 남하로 4-10,www.sshp.co.kr,061-859-9000,061-857-9001,,정,전라남도 보성군 남하로 4-10 (벌교읍),127.34504460642816,34.83358775056366
166,고양정신병원,시도립,서울특별시 시립병원 설치 및 운영에 관한조례,서울특별시,해당없음,31202543,병원,299,10264,경기 고양시 덕양구 통일로 1102번길 46,http://www.kymhosp.com/,031-969-0885,031-962-2325,,정,경기도 고양시 덕양구 통일로1102번길 46 (내유동),126.85456039104672,37.71148446624801
124,대전광역시립정신병원,시도립,대전광역시립정신병원 설치조례,대전광역시,해당없음,34200509,병원,199,34206,대전광역시 유성구 진잠옛로 135번길 87(학하동),http://www.ssbw.co.kr/,042-823-4401,042-823-4405,,정,대전광역시 유성구 진잠옛로135번길 87 (학하동),127.30643499030587,36.331958222256695
184,여수시 노인전문요양병원,시군구립,여수시노인전문요양병원설치 및 운영조례,전라남도,해당없음,36280704,요양병원,125,59696,전라남도 여수시 둔덕5길 29(471-100번지),http://www.ysss.co.kr/,061-653-9119,061-653-8390,,정,전라남도 여수시 둔덕5길 29 (둔덕동),127.69930414705767,34.764583372243564
171,인천제2시립 노인치매요양병원,시도립,인천광역시시립노인치매요양병원 설치 및 운영 조례,인천광역시,해당없음,31283080,요양병원,103,21002,인천광역시 계양구 드림로 852,http://www.hallymsh.net/,032-554-8300,032-554-8308,,정,인천광역시 계양구 드림로 852 (갈현동),126.72917903282456,37.57480714775244
152,부산노인전문 제4병원,시도립,부산광역시 노인전문병원 설치 및 운영조례,부산광역시,해당없음,21283257,요양병원,216,49415,부산광역시 동매로 44번길 4,부산노인전문제4병원.com,051-202-1370,051-202-2354,,정,부산광역시 사하구 동매로44번길 4 (하단동),128.96282824778925,35.10258470477523
189,완주군아름다운노인전문병원,시군구립,완주군치매요양병원설치운영조례,전라북도,완주군,35280336,요양병원,85,55360,전북 완주군 상관면 북치길 44-54,http;//www.shofbeauty.com,063-717-3300,063-717-3304,,정,전북특별자치도 완주군 북치길 44-54 (상관면),127.22983567644387,35.72979764743161
168,경찰병원,국립,경찰청과 그 소속기관 직제,경찰청,해당없음,11100176,종합병원,289,005-715,서울특별시 송파구 송이로 123,www.nph.go.kr,02-3400-1114,02-3400-1571,,정,서울특별시 송파구 송이로 123 (가락동),127.1234516126469,37.4964257443705
182,전라남도 강진의료원,특수법인,지방의료원의 설립 및 운영에 관한 법률,보건복지부(전라남도),지방의료원,36200271,병원,180,59227,전라남도 강진군 강진읍 탐진로 5번지,www.gimed.or.kr,061-433-2167,061-434-4736,,정,전라남도 강진군 탐진로 5 (강진읍),126.75802619495568,34.636674353780236
202,제주권역재활병원,시도립,장애인복지법,보건복지부(제주특별자치도),해당없음,3920337,병원,98,63590,제주특별자치도 서귀포시 동문로 1,http://www.jrh.or.kr,064-730-9000,064-762-0027,,정,제주특별자치도 서귀포시 동문로 1 (서귀동),126.56244148592957,33.25288371523027
188,참사랑요양병원(함평군공립요양병원),시군구립,함평군공립요양병원 설치및 운영조례,전라남도,해당없음,36281565,요양병원,242,57158,전라남도 함평군 학교면 학교화산길 16-19,www.hp8119.co.kr,061-322-4119,061-322-6119,,정,전라남도 함평군 학교화산길 16-19 (학교면),126.53667716692004,35.04873820305126
185,신안군 노인전문요양병원,시군구립,신안군 공립 노인전문병원 설치 및 운영조례,전라남도,해당없음,36281531,요양병원,80,58824,전라남도 신안군 압해읍 구항길 92-50,없음,061-260-2700,061-260-2704,,정,전라남도 신안군 구항길 92-50 (압해읍),126.31379486703887,34.85313301562145
191,부안군노인요양병원,시군구립,부안군노인전문요양병원설치및운영조례,전라북도,해당없음,35280469,요양병원,113,579-805,전라북도 부안군 부안읍 봉두길 68,없음,063-581-9116,063-581-9369,,정,전북특별자치도 부안군 봉두길 68 (부안읍),126.74503845176741,35.71605670867301
190,전라북도 마음사랑병원,국공립,전라북도 도립병원 설치 및 운영 조례,전라북도,해당없음,35200413,병원,631,55347,전북 완주군 소양면 소양로 465-23,http://www.maeumsarang.co.kr,063-240-2100,063-240-2117,,정,전북특별자치도 완주군 소양로 465-23 (소양면),127.25529468501873,35.86037531365994
181,전라남도 순천의료원,특수법인,지방의료원의 설립 및 운영에 관한 법률,보건복지부(전라남도),지방의료원,36200328,병원,272,57940,전라남도 순천시 서문성터길 2,http://jsmc.or.kr,061-759-9114,061-752-7683,,정,전라남도 순천시 서문성터길 2 (매곡동),127.48321651721643,34.957922949013664
135,국립재활원,국립,보건복지부와 그 소속기관 직제,보건복지부,해당없음,11202483,병원,298,001-022,서울특별시 강북구 삼각산로 58 국립재활원,http://www.nrc.go.kr,02-901-1700,02-902-3763,,정,서울특별시 강북구 삼각산로 58 (수유동),127.01108806670348,37.63861092954451
199,제주특별자치도 제주의료원,특수법인,지방의료원의 설립 및 운영에 관한 법률,보건복지부(제주특별자치도),지방의료원,39200205,병원,200,63243,제주특별자치도 제주시 산천단 남길 10,http://www.jejumed.com,064-720-2107,064-724-2102,,정,제주특별자치도 제주시 산천단남길 10 (아라일동),126.56085570444048,33.4448553935692
186,장성공립 노인전문요양병원,시군구립,장성군공립노인전문요양병원설치 및 운영조례,전라남도,해당없음,36280828,요양병원,168,57221,전라남도 장성군 장성읍 강변안길 100 (기산리 489-5),www.jsgh.or.kr,061-395-1170,061-395-1174,,정,전라남도 장성군 강변안길 100 (장성읍),126.77744840598359,35.30231471979742
183,곡성군립 노인전문요양병원,시군구립,곡성군립노인전문병원설치 및 운영조례,전라남도,해당없음,36280712,요양병원,130,57515,전라남도 곡성군 겸면 곡순로 1756번지,http://www.gshospital.kr/,061-360-9000,061-363-6020,,정,전라남도 곡성군 곡순로 1756 (겸면),127.18426626900553,35.25310342706114
217,충주시 노인전문병원,시군구립,충주시노인전문병원설치 및 운영에관한 조례,충청북도,해당없음,33280088,요양병원,300,27442,충청북도 충주시 동량면 대전리 1686-28,www.hyolife.com,043-855-9393,043-855-8866,,정,충청북도 충주시 동량면 대전리 1686-28,127.93083511360321,37.04830164106985
197,전라북도 고창노인요양병원,시도립,전라북도 도립병원 설치 및 운영 조례,보건복지부(전라북도),해당없음,35280786,요양병원,143,56442,전라북도 고창군 고인돌대로 1765,www.gchospital.net/care/main.html,063-560-6100,063-563-7600,,정,전북특별자치도 고창군 고인돌대로 1765 (고창읍),126.69105047516875,35.43721764530689
204,천안시립노인전문병원,시군구립,천안시립노인전문병원설치 및 운영에 관한 조례 제10조,충청남도,해당없음,34281304,요양병원,144,31064,천안시 동남구 목천읍 삼방로 735(천안시립노인병원),http://www.cheonangh.co.kr/,041-551-1114,041-521-1239,,정,충청남도 천안시 동남구 삼방로 735 (목천읍),127.22683118249974,36.82537190779055
165,서울특별시 축령정신병원,시도립,서울특별시 시립병원 설치 및 운영에 관한조례,서울특별시,해당없음,31202268,병원,273,12025,경기도 남양주시 수동면 외방로 172번길 58,www.crmh.or.kr,031-592-6663,,,정,경기도 남양주시 외방로172번길 58 (수동면),127.31015730758068,37.73859464893806
206,보령시립 노인전문병원,시군구립,보령시립 노인전문병원 설치 및 운영에 관한 보례,충청남도,해당없음,34281134,요양병원,120,33421,충청남도 보령시 청라면 질재로 373,없음,041-935-1166,041-935-1169,,정,충청남도 보령시 질재로 373 (청라면),126.60882395060277,36.405886855693154
205,충청남도 공주의료원,특수법인,지방의료원의 설립 및 운영에 관한 법률,보건복지부(충청남도),지방의료원,34100130,종합병원,202,32542,충청남도 공주시 무령로 77 (웅진동),http://gjmc.or.kr,041-962-1111,041-962-1219,,정,충청남도 공주시 무령로 77 (웅진동),127.10949427787747,36.458878764930446
203,충청남도 천안의료원,특수법인,지방의료원의 설립 및 운영에관한법률,보건복지부(충청남도),지방의료원,34100156,종합병원,242,31071,천안시 동남구 충절로 537(삼룡동),http://www.camc.or.kr,041-570-7200,041-570-7013,,정,충청남도 천안시 동남구 충절로 537 (삼룡동),127.17902777715103,36.775561723474304
196,전라북도 군산의료원,특수법인,지방의료원 설립 및 운영에 관한법률,보건복지부(전라북도),지방의료원,35100095,종합병원,420,54105,전라북도 군산시 의료원로 27,http://kunmed.or.kr,063-472-5000,063-472-5400,,정,전북특별자치도 군산시 의료원로 27 (지곡동),126.71190919704712,35.95491646908022
200,제주의료원 부속 요양병원,특수법인,의료법,보건복지부(제주특별자치도),지방의료원,39280233,요양병원,100,63243,제주특별자치도 제주시 산천단 남길 10,http://www.jejumed.com,064-720-2131,064-724-2102,,정,제주특별자치도 제주시 산천단남길 10 (아라일동),126.56085570444048,33.4448553935692
198,진안군의료원,공립,지방의료원의 설립 및 운영에 관한 법률,보건복지부(진안군),지방의료원,35202017,병원,85,55422,전라북도 진안군 진안읍 진무로 1145,http://jmc4307000@naver.com,063-430-7000,063-430-7002,,정,전북특별자치도 진안군 진무로 1145 (진안읍),127.4322213039754,35.795343371630224
150,부산광역시의료원,특수법인,지방의료원의 설립 및 운영에 관한 법률,보건복지부(부산광역시),지방의료원,21100209,종합병원,502,47527,부산광역시 연제구 월드컵대로 359,www.busanmc.or.kr,051-507-3000,051-507-3001,,정,부산광역시 연제구 월드컵대로 359 (거제동),129.05900559625366,35.18721153535136
212,충청남도도립 홍성노인전문병원,시도립,충청남도 도립 치매요양병원 설치 및 운영조례,충청남도,해당없음,34280103,요양병원(노인병원),90,32232,충청남도 홍성군 홍성읍 조양로  224,https://www.hsmc.or.kr/,041-630-6593,041-630-6594,,정,충청남도 홍성군 조양로 224 (홍성읍),126.67461755213714,36.59914344226291
201,제주특별자치도 서귀포의료원,특수법인,지방의료원의 설립 및 운영에 관한 법률,보건복지부(제주특별자치도),지방의료원,39100090,종합병원,247,63585,제주특별자치도 서귀포시 장수로 47(동홍동),http://.www.smed.or.kr,064-730-3101,064-760-0009,,정,제주특별자치도 서귀포시 장수로 47 (동홍동),126.56428742161285,33.25521653722262
214,청주시립요양병원,시군구립,청주시립요양병원 설치 및 운영에 관한 조례,충청북도,해당없음,33280801,요양병원,194,28803,충청북도 청주시 서원구 궁뜰로 62번길 29(장성동),http://cjslhp.com,043-220-8000,043-220-8005,,정,충청북도 청주시 서원구 궁뜰로62번길 29 (장성동),127.48185454347704,36.59614896971501
124,대전광역시립정신병원,시도립,대전광역시립정신병원 설치조례,대전광역시,해당없음,34200509,병원,199,34206,대전광역시 유성구 진잠옛로 135번길 87(학하동),http://www.ssbw.co.kr/,042-823-4402,,,정,대전광역시 유성구 진잠옛로135번길 87 (학하동),127.30643499030587,36.331958222256695
179,진도군 노인전문요양병원,시군구립,진도군 노인전문요양병원 설치 및 운영 조례,전라남도,해당없음,36280224,요양병원,70,58933,전라남도 진도군 의신면 운림산방로 31,없음,061-542-3004,061-542-3005,,정,전라남도 진도군 운림산방로 31 (의신면),126.27866029638426,34.46511938137288
218,충청북도 충주의료원,특수법인,지방의료원의 설립 및 운영에 관한 법률,충청북도,해당없음,33100063,종합병원,292,27468,충청북도 충주시 안림로 239-50(안림동 134),www.cjmct.or.kr,043-871-0114,043-843-4231,,정,충청북도 충주시 안림로 239-50 (안림동),127.97039630297627,36.979352698765226
219,영동군립노인전문병원,시군구립,영동군립노인전문병원설치 및    운영조례,충청북도,해당없음,33280681,요양병원,120,29131,충청북도 영동군 영동읍 대학로 290,cmisilveryd.com,043-744-9633,043-742-8275,,정,충청북도 영동군 대학로 290 (영동읍),127.79578440827922,36.19415814755937
220,단양군노인요양전문병원,시군구립,단양군립노인전문병원설치 및    운영조례,충청북도,해당없음,33280207,요양병원,105,27010,충청북도 단양군 단양읍 별곡6길 10,없음,043-423-8844,043-423-8874,,정,충청북도 단양군 별곡6길 10 (단양읍),128.3687882527861,36.98713877722665
211,충청남도 홍성의료원,특수법인,지방의료원의 설립 및 운영에 관한 법률,보건복지부(충청남도),지방의료원,34100121,종합병원,480,32232,충청남도 홍성군 홍성읍 조양로 224,https://www.hsmc.or.kr/,041-630-6114,041-630-6380,,정,충청남도 홍성군 조양로 224 (홍성읍),126.67461755213714,36.59914344226291
136,국립정신건강센터,국립,보건복지부와 그 소속기관 직제,보건복지부,해당없음,11200171,병원,236,004-933,서울특별시 광진구 용마산로 127,www.ncmh.go.kr,02-2204-0114,02-2204-0389,,정,서울특별시 광진구 용마산로 127 (중곡동),127.08584311374105,37.565069894577235
215,충청북도 청주의료원,특수법인,지방의료원의 설립 및 운영에 관한 법률,충청북도,해당없음,33100012,종합병원,652,28547,충청북도 청주시 흥덕구 흥덕로 48 (사직동 554-6),http://www.cjmc.or.kr,043-279-0114,043-279-2700,,유,충청북도 청주시 흥덕구 흥덕로 88 (운천동),127.4725405539652,36.643167249407654
216,청풍호노인사랑병원,시군구립,제천시 노인전문병원 설치및 운영에 관한 조례,충청북도,해당없음,33280576,요양병원,187,27207,충청북도 제천시 금성면 청풍호로 1147,www.cplove.co.kr,043-646-0808,043-648-5827,,정,충청북도 제천시 청풍호로 1147 (금성면),128.1754433175678,37.05882242364146
194,전라북도 남원의료원,특수법인,지방의료원의 설립 및 운영에 관한 법률,보건복지부(전라북도),지방의료원,35100087,종합병원,288,55726,전라북도 남원시 충정로 365번지(고죽동),www.namwonmed.or.kr,063-620-1114,063-620-1196,,정,전북특별자치도 남원시 충정로 365 (고죽동),127.40719170440462,35.431943807307704
165,서울특별시 축령정신병원,시도립,서울특별시 시립병원 설치 및 운영에 관한조례,서울특별시,해당없음,31202268,병원,273,12025,경기도 남양주시 수동면 외방로 172번길 58,www.crmh.or.kr,031-592-6661,031-592-6665,,정,경기도 남양주시 외방로172번길 58 (수동면),127.31015730758068,37.73859464893806
209,논산시립노인전문병원,시군구립,논산시립노인전문병원 설치 및 운영조례,충청남도,해당없음,34280332,요양병원,90,32980,충청남도 논산시 시민로 294번길 11,http://nshosp.co.kr/,041-734-9911,041-734-9914,,정,충청남도 논산시 시민로294번길 11 (취암동),127.09345810731224,36.192826040625214
151,부산노인전문제3병원,시도립,부산광역시노인전문병원설치 및 운영 조례,부산광역시,해당없음,21282633,요양병원,252,48064,부산광역시 해운대구 해운대로 469번 가길77(우동),www.busangh.com,051-780-5555,051-780-5558,,정,부산광역시 해운대구 해운대로469번가길 77 (우동),129.14736937786344,35.16825377967114
177,영광군공립요양병원,시군구립,영광군공립영광노인전문요양병원설치및운영조례,전라남도,해당없음,36280119,요양병원,70,57035,전라남도 영광군 영광읍 와룡로 3-1,www.ygmc.co.kr,061-353-5050,061-353-6900,,정,전라남도 영광군 와룡로 3-1 (영광읍),126.4999678278695,35.284870754256445
213,충북도립 노인전문병원,시도립,충북도립노인전문병원설치및  위탁운영에 관한 조례,충청북도,해당없음,33280177,요양병원,149,28802,충청북도 청주시 흥덕구 청남로 1910번지   (미평동 25번지),www.noinhsp.co.kr,043-298-9011,043-298-9015,,정,충청북도 청주시 서원구 청남로 1910 (미평동),127.48026966372461,36.60321550645288
192,전주시노인복지병원,시군구립,전주시노인복지병원설치및 운영조례,보건복지부(전라북도),해당없음,35280034,요양병원,191,55071,전라북도 전주시 완산구 능안자구길 80,www.naebumo.or.kr,063-220-9700,063-221-0223,,정,전북특별자치도 전주시 완산구 능안자구길 80 (삼천동3가),127.08579541363164,35.80405974307429
124,대전광역시립정신병원,시도립,대전광역시립정신병원 설치조례,대전광역시,해당없음,34200509,병원,199,34206,대전광역시 유성구 진잠옛로 135번길 87(학하동),http://www.ssbw.co.kr/,042-823-4404,,,정,대전광역시 유성구 진잠옛로135번길 87 (학하동),127.30643499030587,36.331958222256695
165,서울특별시 축령정신병원,시도립,서울특별시 시립병원 설치 및 운영에 관한조례,서울특별시,해당없음,31202268,병원,273,12025,경기도 남양주시 수동면 외방로 172번길 58,www.crmh.or.kr,031-592-6662,,,정,경기도 남양주시 외방로172번길 58 (수동면),127.31015730758068,37.73859464893806
207,충청남도서산의료원,특수법인,지방의료원의 설립 및 운영에 관한 법률,보건복지부(충청남도),지방의료원,34100164,종합병원,231,32001,충청남도 서산시 중앙로 149번지(석림동 568-5),https://seosanmc.or.kr/,041-689-7000,041-665-8010,,정,충청남도 서산시 중앙로 149 (석림동),126.46516163587654,36.77547062591471
138,국립부곡병원,국립,보건복지부와 그 소속기관 직제,보건복지부,해당없음,38200601,병원,650,635-893,경상남도 창녕군 부곡면 부곡로 145,www.bgnmh.go.kr,055-536-6440,055-536-6444,,정,경상남도 창녕군 부곡로 145 (부곡면),128.61171378334097,35.43597424921536
178,공립무안군 노인전문요양병원,시군구립,공립무안군노인전문요양병원 설치 운영조례,전라남도,해당없음,36280216,요양병원,114,58532,전라남도 무안군 무안읍몽탄로 51-12,http://www.muansh.co.kr,061-453-7007,061-453-7223,,정,전라남도 무안군 몽탄로 51-12 (무안읍),126.48920616136759,34.99326935608981
153,서울특별시 어린이병원,시도립,서울특별시 시립병원 설치 및 운영에 관한조례,서울특별시,해당없음,11200545,병원,250,006-801,"서울특별시 서초구 헌릉로 260 (내곡동 ,서울시립어린이병원)",http://childhosp.seoul.gol.kr,02-570-8000,02-570-8324,,정,서울특별시 서초구 헌릉로 260 (내곡동),127.06872086561224,37.455675545275
193,정읍시립요양병원,시군구립,정읍시 시립요양병원 설치 및운영 조례,전라북도,해당없음,35280255,요양병원,184,56194,전라북도 정읍시 금붕1길 160-15,www.jcgh.kr,063-531-0075,063-531-0076,,정,전북특별자치도 정읍시 금붕1길 160-15 (금붕동),126.89103332952618,35.55075866589421
208,충청남도도립서산노인전문병원,시도립,충청남도 도립 치매요양병원 설치 및 운영조례,충청남도,해당없음,34280936,요양병원,90,32001,충청남도 서산시 중앙로 149번지(석림동 568-5),https://seosanmc.or.kr/,041-689-7001,041-689-7070,,정,충청남도 서산시 중앙로 149 (석림동),126.46516163587654,36.77547062591471
165,서울특별시 축령정신병원,시도립,서울특별시 시립병원 설치 및 운영에 관한조례,서울특별시,해당없음,31202268,병원,273,12025,경기도 남양주시 수동면 외방로 172번길 58,www.crmh.or.kr,031-592-6664,,,정,경기도 남양주시 외방로172번길 58 (수동면),127.31015730758068,37.73859464893806
180,목포시의료원,특수법인,지방의료원의 설립 및 운영에 관한 법률,보건복지부(전라남도),지방의료원,36100226,종합병원,299,58701,전라남도 목포시 용해동 133-1번지,http://www.mokpomc.or.kr,061-260-6500,061-279-3242,,정,전라남도 목포시 용해동 133-1,126.40536696131281,34.80396967449965
195,전라북도 남원노인요양병원,시도립,전라북도 도립병원 설치 및 운영 조례,보건복지부(전라북도),해당없음,35280808,요양병원,220,55730,전라북도 남원시 산성길 51-15(산곡동),www.nwhospital.co.kr,063-630-7777,063-630-7700,,정,전북특별자치도 남원시 산성길 51-15 (산곡동),127.37326727432982,35.42093253770668
210,서천군립노인요양병원,시군구립,서천군 서천어메니티 복지마을운영조례,충청남도,해당없음,34280995,요양병원,182,33610,충청남도 서천군 종천면 충서로302번길 88-12,http://www.scbokjitown.or.kr/,041-950-1001,041-953-8070,,정,충청남도 서천군 충서로302번길 88-12 (종천면),126.65646278325329,36.10928842633476